account_id,region,status,balance,note
1,SOUTH,P,112.5,renewal 2027
2,EAST,C,125.0,renewal 2028
3,WEST,A,137.504,renewal 2026
4,NORTH,P,150.0,renewal 2027
5,SOUTH,C,162.5,N/A
6,EAST,A,175.003,renewal 2026
7,WEST,P,187.5,renewal 2027
8,NORTH,C,200.0,renewal 2028
9,SOUTH,A,212.502,renewal 2026
10,EAST,P,225.0,N/A
11,WEST,C,237.5,renewal 2028
12,NORTH,A,250.001,renewal 2026
13,SOUTH,P,262.5,renewal 2027
14,EAST,C,275.0,renewal 2028
15,WEST,A,287.504,N/A
16,NORTH,P,300.0,renewal 2027
17,EAST,C,312.5,renewal 2028
18,EAST,A,325.003,renewal 2026
19,WEST,P,337.5,renewal 2027
20,NORTH,C,350.0,N/A
21,SOUTH,A,362.502,renewal 2026
22,EAST,P,375.0,renewal 2027
23,WEST,C,387.5,renewal 2028
24,NORTH,A,400.001,renewal 2026
25,SOUTH,P,412.5,N/A
26,EAST,C,425.0,renewal 2028
27,WEST,A,437.504,renewal 2026
28,NORTH,P,450.0,renewal 2027
29,SOUTH,C,462.5,renewal 2028
30,EAST,A,475.003,N/A
31,WEST,P,487.5,renewal 2027
32,NORTH,C,500.0,renewal 2028
33,SOUTH,A,512.502,renewal 2026
34,EAST,P,525.0,renewal 2027
35,WEST,C,537.5,N/A
36,NORTH,A,550.001,renewal 2026
37,SOUTH,P,562.5,renewal 2027
38,EAST,C,575.0,renewal 2028
39,WEST,A,587.504,renewal 2026
